gNa,gK,gCa,gL
204.78243513143306,156.00879398749254,4.89354225606334,20.249076614410928
