gNa,gK,gCa,gL
95.07147051190559,93.67083491963686,19.260639055981635,-4.762935745898037
