gNa,gK,gCa,gL
78.224304409775,107.39047019109957,1.566281838556007,-0.3744634654916332
